C,CLC,BC,EC,SPL,PC,IC,SC,AC,PR,KC,media_tempo
0.1413864121675117,0.31613363361812774,0.001223757962237312,0.011504194599731177,3.452511483831879,-0.08465913095969395,0.0010128432563600448,6.011346782482797e+16,0.0029938911902201333,0.000538213132400431,7.22497308934338,200000.0
