C,CLC,BC,EC,SPL,PC,IC,SC,AC,PR,KC,media_tempo
0.24348179705504874,0.34902554991286466,0.002172243566696907,0.017056878932241556,3.216700957972401,-0.12068902633351734,0.0015049442206058637,83423870568.85956,0.00568947113676149,0.0010857763300760042,4.6742671009771986,200000.0
