C,CLC,BC,EC,SPL,PC,IC,SC,AC,PR,KC,media_tempo
0.31973132757549,0.3733979245465232,0.0014172289636458363,0.016785672995949037,2.737527344671542,-0.22112168832515064,0.0022009641135459558,1.2209791207502082e+29,0.0037123637556826564,0.0008169934640522892,14.797385620915033,5726.64
